Tên doanh nghiệp,Mã cổ phiếu
CTCP Suất ăn Công nghiệp Atesco- UPCOM,ATS
CTCP Du lịch & Thương mại Bằng Giang Cao Bằng- UPCOM,BCV
CTCP Vận tải Dịch vụ LIên Ninh - UPCOM,BLN
CTCP Dịch vụ Đô thị Bà Rịa- UPCOM,BRS
CTCP Dịch vụ Bến Thành- UPCOM,BSC
CTCP Xe khách Sài Gòn - UPCOM,BSG
CTCP Dịch vụ Du lịch Bến Thành- UPCOM,BTV
CTCP CMVIETNAM- HNX,CMS
CTCP Phục vụ Mai táng Hải Phòng- UPCOM,CPH
CTCP Gia Lai CTC,CTC
CTCP Xe khách Hà Nội,CXH
CTCP Tập đoàn Khách sạn Đông Á,DAH
CTCP Xe lửa Dĩ An,DAR
CTCP Đường bộ Hải Phòng,DBH
CTCP Tập đoàn Năng lượng Tái tạo Việt Nam,DL1
CTCP Du lịch Đắk Lắk,DLD
CTCP Du lịch và Thương mại – Vinacomin,DLT
CTCP Du lịch Đồng Nai,DNT
CTCP Công viên nước Đầm Sen,DSN
CTCP Dịch vụ Du lịch Phú Thọ,DSP
CTCP Đầu tư Đức Trung - UPCOM,DTI
CTCP Du Lịch và Xuất nhập khẩu Lạng Sơn,DXL
CTCP Đầu tư – Thương mại – Dịch vụ Điện Lực,EIN
CTCP Thuận Thảo - UPCOM,GTT
CTCP Dịch vụ Ô tô Hàng Xanh,HAX
CTCP Dịch vụ Giải trí Hà Nội,HES
CTCP Hoàng Hà - HNX,HHG
CTCP Xe điện Hà Nội,HNT
CTCP Du lịch Dịch vụ Hội An,HOT
CTCP Vận tải đường sắt Hà Nội - UPCOM,HRT
Tổng Công ty Hàng không Việt Nam Vietnam Airlines,HVN
CTCP Đầu tư Thương mại và Xuất nhập khẩu CFS - HNX,KLF
CTCP Thương mại Kiên Giang - UPCOM,KTC
CTCP Dịch vụ hàng không sân bay Đà Nẵng - HNX,MAS
CTCP Dịch vụ Du lịch Mỹ Trà,MTC
CTCP Môi trường và Dịch vụ Đô Thị Vĩnh Yên,MVY
CTCP Bất động sản Du lịch Ninh Vân Bay,NVT
CTCP Vận tải Newway - UPCOM,NWT
CTCP Khách sạn và Dịch vụ OCH,OCH
CTCP Dịch vụ Một Thế Giới - UPCOM,ONW
CTCP Tập đoàn Pan,PAN
CTCP Du lịch Dầu khí Phương Đông,PDC
CTCP PGT Holdings - HNX,PGT
CTCP QUốc tế Hoàng Gia - HOSE,RIC
CTCP Dịch vụ hàng hóa Sài Gòn - HOSE,SCS
CTCP Khách sạn Sài Gòn,SGH
CTCP Sài Gòn Hỏa xa - UPCOM,SHX
CTCP Tàu cao tốc Superdong – Kiên Giang,SKG
CTCP Vận tải Đường sắt Sài Gòn - UPCOM,SRT
CTCP Vận chuyển Sài Gòn Tourist - UPCOM,STT
CTCP Cáp treo Núi Bà Tây Ninh,TCT
CTCP Bến bãi Vận tải Sài Gòn - UPCOM,TPS
CTCP Vận tải 1 Traco - UPCOM,TR1
CTCP Du lịch Trường Sơn Coecco - UPCOM,TSD
CTCP Du lịch Dịch vụ Hà Nội - UPCOM,TSJ
CTCP Du lịch - Thương mại Tây Ninh - HNX,TTT
CTCP Nhân lực và Thương mại Vinaconex,VCM
CTCP Trung tâm Hội chợ Triển lãm Việt Nam,VEF
CTCP Du lịch Quốc tế Vũng Tàu,VIR
CTCP Hàng không Vietjet,VJC
CTCP Du lịch Thành Thành Công,VNG
CTCP Ánh Dương Việt Nam,VNS
CTCP Du lịch Vietourist - UPCOM,VTD
CTCP Du lịch Tỉnh Bà Rịa – Vũng Tàu - HOSE,VTG
CTCP Vận tải và đưa đón thợ mỏ - Vinacomin - UPCOM,VTM
CTCP Du lịch và tiếp thị giao thông vận tải Việt Nam - UPCOM,VTR
