Tên công ty,Mã cổ phiếu
CTCP chứng khoán Agribank - HOSE,AGR
CTCP Chứng khoán APG,APG
CTCP Chứng khoán Châu Á Thái Bình Dương - HNX,APS
CTCP Chứng khoán BOS - HNX,ART
CTCP Chứng khoán Ngân hàng Đầu tư và Phát triển Việt Nam - HOSE,BSI
CTCP Chứng khoán Bảo Việt - HNX,BVS
CTCP Chứng khoán Ngân hàng Công thương Việt Nam - HOSE,CTS
CTCP Chứng khoán Everest - HNX,EVS
CTCP Chứng khoán FPT - HOSE,FTS
CTCP Chứng khoán Hòa Bình - HNX,HBS
CTCP Chứng khoán Thành phố Hồ Chí Minh - HOSE,HCM
CTCP Chứng khoán Đầu tư Việt Nam - HNX,IVS
CTCP Chứng khoán MB - HNX,MBS
CTCP Chứng khoán Dầu khí - HNX,PSI
CTCP Chứng khoán Sài Gòn – Hà Nội - HNX,SHS
CTCP Chứng khoán SSI - HOSE,SSI
CTCP Chứng khoán Trí Việt,TVB
CTCP Chứng khoán Thiên Việt - HOSE,TVS
CTCP Chứng khoán Bản Việt - HOSE,VCI
CTCP Chứng khoán Rồng Việt - HOSE,VDS
CTCP Chứng khoán Thương mại và Công nghiệp Việt Nam - HNX,VIG
CTCP Chứng khoán VIX - HOSE,VIX
CTCP Chứng khoán VNDirect - HOSE,VND
CTCP Chứng khoán Phố Wall - HNX,WSS
