Tên ngân hàng,Mã cổ phiếu
ABBank (Ngân hàng TMCP An Bình),ABB
ACB (Ngân hàng Á Châu),ACB
Bac A Bank (Ngân hàng TMCP Bắc Á),BAB
BIDV (Ngân hàng TMCP Đầu tư và Phát triển Việt Nam),BID
BVBank (Ngân hàng Bản Việt),BVB
Vietinbank (Ngân hàng TMCP Công thương Việt Nam),CTG
Eximbank (Ngân hàng TMCP Xuất Nhập khẩu Việt Nam),EIB
HD bank (Ngân hàng TMCP Phát triển Thành phố Hồ Chí Minh),HDB
KienlongBank (Ngân hàng Kiên Long),KLB
LPBank (Ngân hàng Bưu điện Liên Việt),LPB
MB bank (Ngân hàng TMCP Quân đội),MBB
MSB (Ngân hàng TMCP Hàng hải Việt Nam),MSB
Nam A Bank (Ngân hàng TMCP Nam Á),NAB
NCB (Ngân hàng TMCP Quốc dân),NVB
OCB (Ngân hàng TMCP Phương Đông),OCB
PGbank (Ngân hàng TMCP Xăng Dầu Petrolimex),PGB
Saigon Bank (TMCP Sài Gòn Công thương),SGB
SHB (Ngân hàng TMCP Sài Gòn - Hà Nội),SHB
SeABank (Ngân hàng TMCP Đông Nam Á),SSB
Sacombank (Ngân hàng TMCP Sài Gòn Thương Tín),STB
Techcombank (Ngân hàng TMCP Kỹ Thương Việt Nam),TCB
TPBank (Ngân hàng TMCP Tiên Phong),TPB
VietABank (Ngân hàng TMCP Việt Á),VAB
Vietbank (Ngân hàng TMCP Việt Nam Thương Tín),VBB
Vietcombank (Ngân hàng TMCP Ngoại thương Việt Nam),VCB
VIB (Ngân hàng TMCP Việt Nam Thịnh Vượng),VIB
